name,number
Shubh Financial Services,08147034401
Sri Sai Surya Private Finance and Services,09972826878
Yadav Enterprises,07490896711
Monoo Services,09972215358
Shree Enterprise,07490050409
S Pride,07405662890
Aaradhya Growth LLP,07405917915
Disha Secure,08123748899
Benchmark Financial Consulting,09845260531
Navnidhi Financial Solutions,07490086403
AHN Consultants pvt ltd,
Krisha Finance,09845264271
Siddhant Shah & Associates,09845445739
S S Enterprises,09845163960
Samriddhi Investment,07490076733
Balaji Enterprises,08147057072
Ak Onkar Financial Services,08401362291
A & M Investment and Tax Advisory,09036694129
Arthashastra,09845441193
Hmp Finserv,08401205820
Shubhmangalam Financial Services,08971240235
Nadar Insurance & Financial Advisor,09972301275
Ibrahim Loans,09845440564
G3 Counsultancy,09972364486
Siya Enterprises,07487080819
Namrata Kudav & Associates,09845439576
Prasatti Financial Services,08050993259
Om Lambodar Enterprises,07487810466
Dhc Proploan Mart,09972304282
Unifect Services & Consultant Private Limited,09972262091
ABS Finance,08147005092
M S Finance,
Om Enterprises,09845428987
Motilal Oswal Securities,
V Saurabh Enterprises,09972430068
Omkar Financial Services,09972822366
Saurabh Enterprise,09845431383
Simran Business Loan,09845446342
True Loans and Financial Services,08147040239
Vighnharta Reality and Finance,08123794426
Global Financial Services,08197382604
Loan Choice,
Capri Solution,
A R Financial Services,08401443944
Kartik Agarwal & Associates,
Tarun Capital And Investor Services,
Lackeys Multiventure Pvt Ltd.,07405682051
Rupesh Rane & Co.,09972295366
A K Associates,08401173150
Parth Finance Service,07411650935
Power Finance Services,07405363346
Smart Investment Advisor,09972310085
Legal Mantraa,
Ritesh Satramani & Associates,09845226487
Win Win Financial Solutions,07405613110
Mashari Finance,07405512372
Dularesh K Jain And Associates,
Payal Enterprises,09972820485
Zone Financial Solutions,07487954349
Nitesh Enterprises,09845168895
Quick Loanz,
Star Finance Services,09972415879
Akruti Finance,08792492249
Trimurti Consultancy,09845213596
A Financial Roof,
Finance Solutions,09972845617
Gour Finance,
Prisah Advisory Pvt Ltd,07411795524
N P Horizons,
Om Consultancy,
Devashree Enterprises,
Sahil Finance Services,08105488759
Winds Of Change,07405820995
Ss Enterprises,08904240128
Shrenik Ajmera & Associates,08105906595
Adv. Anita Jadhav,09972295093
ABP Consultant,07487827152
ARC-FIN CONSULTANT,08197367842
M S Financial,08123695945
Saii Enterprises,08105510461
Loan Samadhan,09035450360
Mangal Credit And Fincorp Ltd,
Sb Financial Consultancy Services,08904958759
APR Solutions Advisory,
Swastik Consultancy Services,
Devguru Financial Services,07411591153
Apana Loan,09845213268
Perfect Fatafat Loans,07405379145
Shree Swami Samarth Financial Services,09845213474
Ekkta Caretaker & Liasing Consultancy,
